weekday,date,hour,capacity
Tuesday,08.06.2021,10:00,0
Tuesday,08.06.2021,10:15,4
Tuesday,08.06.2021,10:30,6
Tuesday,08.06.2021,10:45,6
Tuesday,08.06.2021,11:00,8
Tuesday,08.06.2021,11:15,12
Tuesday,08.06.2021,11:30,15
Tuesday,08.06.2021,11:45,12
Tuesday,08.06.2021,12:00,11
Tuesday,08.06.2021,12:15,8
Tuesday,08.06.2021,12:30,6
Tuesday,08.06.2021,12:45,6
Tuesday,08.06.2021,13:00,8
Tuesday,08.06.2021,13:15,8
Tuesday,08.06.2021,13:30,8
Tuesday,08.06.2021,13:45,7
Tuesday,08.06.2021,14:00,5
Tuesday,08.06.2021,14:15,9
Tuesday,08.06.2021,14:30,10
Tuesday,08.06.2021,14:45,9
Tuesday,08.06.2021,15:00,6
Tuesday,08.06.2021,15:15,6
Tuesday,08.06.2021,15:30,6
Tuesday,08.06.2021,15:45,13
Tuesday,08.06.2021,16:00,18
Tuesday,08.06.2021,16:15,29
Tuesday,08.06.2021,16:30,30
Tuesday,08.06.2021,16:45,28
Tuesday,08.06.2021,17:00,31
Tuesday,08.06.2021,17:15,38
Tuesday,08.06.2021,17:30,40
Tuesday,08.06.2021,17:45,49
Tuesday,08.06.2021,18:00,60
Tuesday,08.06.2021,18:15,65
Tuesday,08.06.2021,18:30,61
Tuesday,08.06.2021,18:45,60
Tuesday,08.06.2021,19:00,64
Tuesday,08.06.2021,19:15,71
Tuesday,08.06.2021,19:30,68
Tuesday,08.06.2021,19:45,66
Tuesday,08.06.2021,20:00,68
Tuesday,08.06.2021,20:15,69
Tuesday,08.06.2021,20:30,58
Tuesday,08.06.2021,20:45,45
Tuesday,08.06.2021,21:00,48
Tuesday,08.06.2021,21:15,46
Tuesday,08.06.2021,21:30,36
Tuesday,08.06.2021,21:45,39
Tuesday,08.06.2021,22:00,36
Tuesday,08.06.2021,22:15,30
Tuesday,08.06.2021,22:30,28
Tuesday,08.06.2021,22:45,24
Tuesday,08.06.2021,23:00,24
Wednesday,09.06.2021,10:00,3
Wednesday,09.06.2021,10:15,8
Wednesday,09.06.2021,10:30,8
Wednesday,09.06.2021,10:45,8
Wednesday,09.06.2021,11:00,9
Wednesday,09.06.2021,11:15,11
Wednesday,09.06.2021,11:30,13
Wednesday,09.06.2021,11:45,14
Wednesday,09.06.2021,12:00,14
Wednesday,09.06.2021,12:15,16
Wednesday,09.06.2021,12:30,13
Wednesday,09.06.2021,12:45,13
Wednesday,09.06.2021,13:00,13
Wednesday,09.06.2021,13:15,11
Wednesday,09.06.2021,13:30,9
Wednesday,09.06.2021,13:45,13
Wednesday,09.06.2021,14:00,16
Wednesday,09.06.2021,14:15,16
Wednesday,09.06.2021,14:30,19
Wednesday,09.06.2021,14:45,18
Wednesday,09.06.2021,15:00,21
Wednesday,09.06.2021,15:15,31
Wednesday,09.06.2021,15:30,31
Wednesday,09.06.2021,15:45,36
Wednesday,09.06.2021,16:00,33
Wednesday,09.06.2021,16:15,35
Wednesday,09.06.2021,16:30,36
Wednesday,09.06.2021,16:45,35
Wednesday,09.06.2021,17:00,43
Wednesday,09.06.2021,17:15,49
Wednesday,09.06.2021,17:30,58
Wednesday,09.06.2021,17:45,60
Wednesday,09.06.2021,18:00,61
Wednesday,09.06.2021,18:15,66
Wednesday,09.06.2021,18:30,61
Wednesday,09.06.2021,18:45,63
Wednesday,09.06.2021,19:00,66
Wednesday,09.06.2021,19:15,71
Wednesday,09.06.2021,19:30,65
Wednesday,09.06.2021,19:45,68
Wednesday,09.06.2021,20:00,65
Wednesday,09.06.2021,20:15,71
Wednesday,09.06.2021,20:30,73
Wednesday,09.06.2021,20:45,64
Wednesday,09.06.2021,21:00,56
Wednesday,09.06.2021,21:15,56
Wednesday,09.06.2021,21:30,55
Wednesday,09.06.2021,21:45,48
Wednesday,09.06.2021,22:00,44
Wednesday,09.06.2021,22:15,34
Wednesday,09.06.2021,22:30,24
Wednesday,09.06.2021,22:45,20
Wednesday,09.06.2021,23:00,20
Thursday,10.06.2021,10:00,0
Thursday,10.06.2021,10:15,3
Thursday,10.06.2021,10:30,3
Thursday,10.06.2021,10:45,6
Thursday,10.06.2021,11:00,6
Thursday,10.06.2021,11:15,5
Thursday,10.06.2021,11:30,5
Thursday,10.06.2021,11:45,5
Thursday,10.06.2021,12:00,5
Thursday,10.06.2021,12:15,10
Thursday,10.06.2021,12:30,9
Thursday,10.06.2021,12:45,9
Thursday,10.06.2021,13:00,5
Thursday,10.06.2021,13:15,5
Thursday,10.06.2021,13:30,6
Thursday,10.06.2021,13:45,6
Thursday,10.06.2021,14:00,6
Thursday,10.06.2021,14:15,8
Thursday,10.06.2021,14:30,8
Thursday,10.06.2021,14:45,8
Thursday,10.06.2021,15:00,13
Thursday,10.06.2021,15:15,13
Thursday,10.06.2021,15:30,18
Thursday,10.06.2021,15:45,18
Thursday,10.06.2021,16:00,25
Thursday,10.06.2021,16:15,25
Thursday,10.06.2021,16:30,30
Thursday,10.06.2021,16:45,30
Thursday,10.06.2021,17:00,33
Thursday,10.06.2021,17:15,34
Thursday,10.06.2021,17:30,30
Thursday,10.06.2021,17:45,26
Thursday,10.06.2021,18:00,19
Thursday,10.06.2021,18:15,23
Thursday,10.06.2021,18:30,21
Thursday,10.06.2021,18:45,28
Thursday,10.06.2021,19:00,25
Thursday,10.06.2021,19:15,34
Thursday,10.06.2021,19:30,48
Thursday,10.06.2021,19:45,51
Thursday,10.06.2021,20:00,50
Thursday,10.06.2021,20:15,45
Thursday,10.06.2021,20:30,44
Thursday,10.06.2021,20:45,40
Thursday,10.06.2021,21:00,44
Thursday,10.06.2021,21:15,36
Thursday,10.06.2021,21:30,25
Thursday,10.06.2021,21:45,24
Thursday,10.06.2021,22:00,15
Thursday,10.06.2021,22:15,15
Thursday,10.06.2021,22:30,14
Thursday,10.06.2021,22:45,14
Thursday,10.06.2021,23:00,0
Friday,11.06.2021,10:00,0
Friday,11.06.2021,10:15,4
Friday,11.06.2021,10:30,9
Friday,11.06.2021,10:45,13
Friday,11.06.2021,11:00,13
Friday,11.06.2021,11:15,13
Friday,11.06.2021,11:30,11
Friday,11.06.2021,11:45,10
Friday,11.06.2021,12:00,9
Friday,11.06.2021,12:15,11
Friday,11.06.2021,12:30,13
Friday,11.06.2021,12:45,14
Friday,11.06.2021,13:00,14
Friday,11.06.2021,13:15,14
Friday,11.06.2021,13:30,11
Friday,11.06.2021,13:45,9
Friday,11.06.2021,14:00,10
Friday,11.06.2021,14:15,10
Friday,11.06.2021,14:30,9
Friday,11.06.2021,14:45,9
Friday,11.06.2021,15:00,11
Friday,11.06.2021,15:15,15
Friday,11.06.2021,15:30,18
Friday,11.06.2021,15:45,24
Friday,11.06.2021,16:00,23
Friday,11.06.2021,16:15,21
Friday,11.06.2021,16:30,24
Friday,11.06.2021,16:45,19
Friday,11.06.2021,17:00,18
Friday,11.06.2021,17:15,14
Friday,11.06.2021,17:30,14
Friday,11.06.2021,17:45,11
Friday,11.06.2021,18:00,10
Friday,11.06.2021,18:15,10
Friday,11.06.2021,18:30,13
Friday,11.06.2021,18:45,14
Friday,11.06.2021,19:00,19
Friday,11.06.2021,19:15,23
Friday,11.06.2021,19:30,30
Friday,11.06.2021,19:45,41
Friday,11.06.2021,20:00,41
Friday,11.06.2021,20:15,34
Friday,11.06.2021,20:30,40
Friday,11.06.2021,20:45,40
Friday,11.06.2021,21:00,40
Friday,11.06.2021,21:15,35
Friday,11.06.2021,21:30,34
Friday,11.06.2021,21:45,30
Friday,11.06.2021,22:00,33
Friday,11.06.2021,22:15,24
Friday,11.06.2021,22:30,24
Friday,11.06.2021,22:45,16
Friday,11.06.2021,23:00,10
Saturday,12.06.2021,09:00,1
Saturday,12.06.2021,09:15,4
Saturday,12.06.2021,09:30,9
Saturday,12.06.2021,09:45,18
Saturday,12.06.2021,10:00,21
Saturday,12.06.2021,10:15,31
Saturday,12.06.2021,10:30,38
Saturday,12.06.2021,10:45,38
Saturday,12.06.2021,11:00,38
Saturday,12.06.2021,11:15,38
Saturday,12.06.2021,11:30,43
Saturday,12.06.2021,11:45,34
Saturday,12.06.2021,12:00,26
Saturday,12.06.2021,12:15,21
Saturday,12.06.2021,12:30,28
Saturday,12.06.2021,12:45,28
Saturday,12.06.2021,13:00,26
Saturday,12.06.2021,13:15,24
Saturday,12.06.2021,13:30,26
Saturday,12.06.2021,13:45,23
Saturday,12.06.2021,14:00,23
Saturday,12.06.2021,14:15,20
Saturday,12.06.2021,14:30,23
Saturday,12.06.2021,14:45,20
Saturday,12.06.2021,15:00,20
Saturday,12.06.2021,15:15,23
Saturday,12.06.2021,15:30,19
Saturday,12.06.2021,15:45,19
Saturday,12.06.2021,16:00,14
Saturday,12.06.2021,16:15,14
Saturday,12.06.2021,16:30,15
Saturday,12.06.2021,16:45,8
Saturday,12.06.2021,17:00,5
Saturday,12.06.2021,17:15,6
Saturday,12.06.2021,17:30,6
Saturday,12.06.2021,17:45,6
Saturday,12.06.2021,18:00,8
Saturday,12.06.2021,18:15,10
Saturday,12.06.2021,18:30,11
Saturday,12.06.2021,18:45,13
Saturday,12.06.2021,19:00,15
Saturday,12.06.2021,19:15,15
Saturday,12.06.2021,19:30,18
Saturday,12.06.2021,19:45,18
Saturday,12.06.2021,20:00,18
Saturday,12.06.2021,20:15,14
Saturday,12.06.2021,20:30,13
Saturday,12.06.2021,20:45,14
Saturday,12.06.2021,21:00,6
Saturday,12.06.2021,21:15,6
Saturday,12.06.2021,21:30,6
Saturday,12.06.2021,21:45,1
Saturday,12.06.2021,22:00,1
Sunday,13.06.2021,09:00,0
Sunday,13.06.2021,09:15,5
Sunday,13.06.2021,09:30,11
Sunday,13.06.2021,09:45,14
Sunday,13.06.2021,10:00,16
Sunday,13.06.2021,10:15,16
Sunday,13.06.2021,10:30,18
Sunday,13.06.2021,10:45,23
Sunday,13.06.2021,11:00,24
Sunday,13.06.2021,11:15,26
Sunday,13.06.2021,11:30,31
Sunday,13.06.2021,11:45,33
Sunday,13.06.2021,12:00,29
Sunday,13.06.2021,12:15,29
Sunday,13.06.2021,12:30,31
Sunday,13.06.2021,12:45,31
Sunday,13.06.2021,13:00,31
Sunday,13.06.2021,13:15,38
Sunday,13.06.2021,13:30,34
Sunday,13.06.2021,13:45,40
Sunday,13.06.2021,14:00,31
Sunday,13.06.2021,14:15,30
Sunday,13.06.2021,14:30,23
Sunday,13.06.2021,14:45,23
Sunday,13.06.2021,15:00,21
Sunday,13.06.2021,15:15,26
Sunday,13.06.2021,15:30,34
Sunday,13.06.2021,15:45,28
Sunday,13.06.2021,16:00,30
Sunday,13.06.2021,16:15,24
Sunday,13.06.2021,16:30,28
Sunday,13.06.2021,16:45,28
Sunday,13.06.2021,17:00,29
Sunday,13.06.2021,17:15,26
Sunday,13.06.2021,17:30,21
Sunday,13.06.2021,17:45,14
Sunday,13.06.2021,18:00,11
Sunday,13.06.2021,18:15,14
Sunday,13.06.2021,18:30,14
Sunday,13.06.2021,18:45,15
Sunday,13.06.2021,19:00,14
Sunday,13.06.2021,19:15,10
Sunday,13.06.2021,19:30,10
Sunday,13.06.2021,19:45,13
Sunday,13.06.2021,20:00,13
Sunday,13.06.2021,20:15,15
Sunday,13.06.2021,20:30,20
Sunday,13.06.2021,20:45,15
Sunday,13.06.2021,21:00,18
Sunday,13.06.2021,21:15,15
Sunday,13.06.2021,21:30,15
Sunday,13.06.2021,21:45,15
Sunday,13.06.2021,22:00,15
Monday,14.06.2021,10:00,3
Monday,14.06.2021,10:15,3
Monday,14.06.2021,10:30,5
Monday,14.06.2021,10:45,8
Monday,14.06.2021,11:00,9
Monday,14.06.2021,11:15,9
Monday,14.06.2021,11:30,9
Monday,14.06.2021,11:45,6
Monday,14.06.2021,12:00,6
Monday,14.06.2021,12:15,6
Monday,14.06.2021,12:30,4
Monday,14.06.2021,12:45,1
Monday,14.06.2021,13:00,1
Monday,14.06.2021,13:15,1
Monday,14.06.2021,13:30,1
Monday,14.06.2021,13:45,3
Monday,14.06.2021,14:00,5
Monday,14.06.2021,14:15,6
Monday,14.06.2021,14:30,8
Monday,14.06.2021,14:45,8
Monday,14.06.2021,15:00,8
Monday,14.06.2021,15:15,11
Monday,14.06.2021,15:30,21
Monday,14.06.2021,15:45,23
Monday,14.06.2021,16:00,24
Monday,14.06.2021,16:15,26
Monday,14.06.2021,16:30,30
Monday,14.06.2021,16:45,34
Monday,14.06.2021,17:00,31
Monday,14.06.2021,17:15,34
Monday,14.06.2021,17:30,41
Monday,14.06.2021,17:45,41
Monday,14.06.2021,18:00,43
Monday,14.06.2021,18:15,40
Monday,14.06.2021,18:30,48
Monday,14.06.2021,18:45,55
Monday,14.06.2021,19:00,58
Monday,14.06.2021,19:15,59
Monday,14.06.2021,19:30,64
Monday,14.06.2021,19:45,70
Monday,14.06.2021,20:00,73
Monday,14.06.2021,20:15,65
Monday,14.06.2021,20:30,60
Monday,14.06.2021,20:45,64
Monday,14.06.2021,21:00,54
Monday,14.06.2021,21:15,56
Monday,14.06.2021,21:30,54
Monday,14.06.2021,21:45,49
Monday,14.06.2021,22:00,44
Monday,14.06.2021,22:15,43
Monday,14.06.2021,22:30,43
Monday,14.06.2021,22:45,39
Monday,14.06.2021,23:00,38
Tuesday,15.06.2021,10:00,0
Tuesday,15.06.2021,10:15,0
Tuesday,15.06.2021,10:30,1
Tuesday,15.06.2021,10:45,3
Tuesday,15.06.2021,11:00,3
Tuesday,15.06.2021,11:15,8
Tuesday,15.06.2021,11:30,8
Tuesday,15.06.2021,11:45,8
Tuesday,15.06.2021,12:00,8
Tuesday,15.06.2021,12:15,9
Tuesday,15.06.2021,12:30,6
Tuesday,15.06.2021,12:45,6
Tuesday,15.06.2021,13:00,9
Tuesday,15.06.2021,13:15,8
Tuesday,15.06.2021,13:30,6
Tuesday,15.06.2021,13:45,5
Tuesday,15.06.2021,14:00,3
Tuesday,15.06.2021,14:15,1
Tuesday,15.06.2021,14:30,0
Tuesday,15.06.2021,14:45,3
Tuesday,15.06.2021,15:00,3
Tuesday,15.06.2021,15:15,6
Tuesday,15.06.2021,15:30,6
Tuesday,15.06.2021,15:45,9
Tuesday,15.06.2021,16:00,13
Tuesday,15.06.2021,16:15,24
Tuesday,15.06.2021,16:30,31
Tuesday,15.06.2021,16:45,36
Tuesday,15.06.2021,17:00,41
Tuesday,15.06.2021,17:15,43
Tuesday,15.06.2021,17:30,44
Tuesday,15.06.2021,17:45,39
Tuesday,15.06.2021,18:00,46
Tuesday,15.06.2021,18:15,54
Tuesday,15.06.2021,18:30,60
Tuesday,15.06.2021,18:45,58
Tuesday,15.06.2021,19:00,65
Tuesday,15.06.2021,19:15,65
Tuesday,15.06.2021,19:30,66
Tuesday,15.06.2021,19:45,54
Tuesday,15.06.2021,20:00,56
Tuesday,15.06.2021,20:15,50
Tuesday,15.06.2021,20:30,46
Tuesday,15.06.2021,20:45,48
Tuesday,15.06.2021,21:00,39
Tuesday,15.06.2021,21:15,40
Tuesday,15.06.2021,21:30,40
Tuesday,15.06.2021,21:45,38
Tuesday,15.06.2021,22:00,33
Tuesday,15.06.2021,22:15,31
Tuesday,15.06.2021,22:30,31
Tuesday,15.06.2021,22:45,29
Tuesday,15.06.2021,23:00,29
Wednesday,16.06.2021,10:00,0
Wednesday,16.06.2021,10:15,4
Wednesday,16.06.2021,10:30,5
Wednesday,16.06.2021,10:45,5
Wednesday,16.06.2021,11:00,6
Wednesday,16.06.2021,11:15,6
Wednesday,16.06.2021,11:30,10
Wednesday,16.06.2021,11:45,10
Wednesday,16.06.2021,12:00,13
Wednesday,16.06.2021,12:15,13
Wednesday,16.06.2021,12:30,15
Wednesday,16.06.2021,12:45,16
Wednesday,16.06.2021,13:00,16
Wednesday,16.06.2021,13:15,14
Wednesday,16.06.2021,13:30,9
Wednesday,16.06.2021,13:45,6
Wednesday,16.06.2021,14:00,5
Wednesday,16.06.2021,14:15,4
Wednesday,16.06.2021,14:30,5
Wednesday,16.06.2021,14:45,3
Wednesday,16.06.2021,15:00,3
Wednesday,16.06.2021,15:15,3
Wednesday,16.06.2021,15:30,5
Wednesday,16.06.2021,15:45,4
Wednesday,16.06.2021,16:00,11
Wednesday,16.06.2021,16:15,11
Wednesday,16.06.2021,16:30,14
Wednesday,16.06.2021,16:45,15
Wednesday,16.06.2021,17:00,19
Wednesday,16.06.2021,17:15,18
Wednesday,16.06.2021,17:30,21
Wednesday,16.06.2021,17:45,25
Wednesday,16.06.2021,18:00,25
Wednesday,16.06.2021,18:15,34
Wednesday,16.06.2021,18:30,41
Wednesday,16.06.2021,18:45,49
Wednesday,16.06.2021,19:00,53
Wednesday,16.06.2021,19:15,59
Wednesday,16.06.2021,19:30,69
Wednesday,16.06.2021,19:45,66
Wednesday,16.06.2021,20:00,65
Wednesday,16.06.2021,20:15,58
Wednesday,16.06.2021,20:30,65
Wednesday,16.06.2021,20:45,60
Wednesday,16.06.2021,21:00,60
Wednesday,16.06.2021,21:15,53
Wednesday,16.06.2021,21:30,44
Wednesday,16.06.2021,21:45,35
Wednesday,16.06.2021,22:00,26
Wednesday,16.06.2021,22:15,16
Wednesday,16.06.2021,22:30,16
Wednesday,16.06.2021,22:45,16
Wednesday,16.06.2021,23:00,0
Thursday,17.06.2021,10:00,1
Thursday,17.06.2021,10:15,4
Thursday,17.06.2021,10:30,5
Thursday,17.06.2021,10:45,5
Thursday,17.06.2021,11:00,5
Thursday,17.06.2021,11:15,5
Thursday,17.06.2021,11:30,6
Thursday,17.06.2021,11:45,6
Thursday,17.06.2021,12:00,8
Thursday,17.06.2021,12:15,9
Thursday,17.06.2021,12:30,8
Thursday,17.06.2021,12:45,10
Thursday,17.06.2021,13:00,6
Thursday,17.06.2021,13:15,6
Thursday,17.06.2021,13:30,6
Thursday,17.06.2021,13:45,6
Thursday,17.06.2021,14:00,8
Thursday,17.06.2021,14:15,6
Thursday,17.06.2021,14:30,5
Thursday,17.06.2021,14:45,10
Thursday,17.06.2021,15:00,10
Thursday,17.06.2021,15:15,10
Thursday,17.06.2021,15:30,9
Thursday,17.06.2021,15:45,10
Thursday,17.06.2021,16:00,11
Thursday,17.06.2021,16:15,15
Thursday,17.06.2021,16:30,19
Thursday,17.06.2021,16:45,18
Thursday,17.06.2021,17:00,23
Thursday,17.06.2021,17:15,21
Thursday,17.06.2021,17:30,24
Thursday,17.06.2021,17:45,29
Thursday,17.06.2021,18:00,25
Thursday,17.06.2021,18:15,28
Thursday,17.06.2021,18:30,30
Thursday,17.06.2021,18:45,34
Thursday,17.06.2021,19:00,36
Thursday,17.06.2021,19:15,40
Thursday,17.06.2021,19:30,38
Thursday,17.06.2021,19:45,39
Thursday,17.06.2021,20:00,39
Thursday,17.06.2021,20:15,44
Thursday,17.06.2021,20:30,36
Thursday,17.06.2021,20:45,35
Thursday,17.06.2021,21:00,31
Thursday,17.06.2021,21:15,31
Thursday,17.06.2021,21:30,26
Thursday,17.06.2021,21:45,23
Thursday,17.06.2021,22:00,21
Thursday,17.06.2021,22:15,21
Thursday,17.06.2021,22:30,18
Thursday,17.06.2021,22:45,16
Thursday,17.06.2021,23:00,16
Friday,18.06.2021,10:00,0
Friday,18.06.2021,10:15,0
Friday,18.06.2021,10:30,9
Friday,18.06.2021,10:45,18
Friday,18.06.2021,11:00,26
Friday,18.06.2021,11:15,30
Friday,18.06.2021,11:30,35
Friday,18.06.2021,11:45,33
Friday,18.06.2021,12:00,33
Friday,18.06.2021,12:15,36
Friday,18.06.2021,12:30,33
Friday,18.06.2021,12:45,30
Friday,18.06.2021,13:00,31
Friday,18.06.2021,13:15,28
Friday,18.06.2021,13:30,19
Friday,18.06.2021,13:45,15
Friday,18.06.2021,14:00,9
Friday,18.06.2021,14:15,9
Friday,18.06.2021,14:30,8
Friday,18.06.2021,14:45,14
Friday,18.06.2021,15:00,13
Friday,18.06.2021,15:15,14
Friday,18.06.2021,15:30,14
Friday,18.06.2021,15:45,14
Friday,18.06.2021,16:00,14
Friday,18.06.2021,16:15,15
Friday,18.06.2021,16:30,9
Friday,18.06.2021,16:45,13
Friday,18.06.2021,17:00,14
Friday,18.06.2021,17:15,14
Friday,18.06.2021,17:30,13
Friday,18.06.2021,17:45,19
Friday,18.06.2021,18:00,20
Friday,18.06.2021,18:15,29
Friday,18.06.2021,18:30,38
Friday,18.06.2021,18:45,34
Friday,18.06.2021,19:00,34
Friday,18.06.2021,19:15,38
Friday,18.06.2021,19:30,39
Friday,18.06.2021,19:45,31
Friday,18.06.2021,20:00,25
Friday,18.06.2021,20:15,26
Friday,18.06.2021,20:30,25
Friday,18.06.2021,20:45,25
Friday,18.06.2021,21:00,28
Friday,18.06.2021,21:15,29
Friday,18.06.2021,21:30,25
Friday,18.06.2021,21:45,25
Friday,18.06.2021,22:00,25
Friday,18.06.2021,22:15,24
Friday,18.06.2021,22:30,24
Friday,18.06.2021,22:45,24
Friday,18.06.2021,23:00,24
Saturday,19.06.2021,09:00,0
Saturday,19.06.2021,09:15,6
Saturday,19.06.2021,09:30,8
Saturday,19.06.2021,09:45,9
Saturday,19.06.2021,10:00,15
Saturday,19.06.2021,10:15,16
Saturday,19.06.2021,10:30,24
Saturday,19.06.2021,10:45,23
Saturday,19.06.2021,11:00,21
Saturday,19.06.2021,11:15,21
Saturday,19.06.2021,11:30,23
Saturday,19.06.2021,11:45,14
Saturday,19.06.2021,12:00,13
Saturday,19.06.2021,12:15,14
Saturday,19.06.2021,12:30,8
Saturday,19.06.2021,12:45,10
Saturday,19.06.2021,13:00,9
Saturday,19.06.2021,13:15,6
Saturday,19.06.2021,13:30,8
Saturday,19.06.2021,13:45,8
Saturday,19.06.2021,14:00,10
Saturday,19.06.2021,14:15,10
Saturday,19.06.2021,14:30,10
Saturday,19.06.2021,14:45,9
Saturday,19.06.2021,15:00,11
Saturday,19.06.2021,15:15,11
Saturday,19.06.2021,15:30,11
Saturday,19.06.2021,15:45,18
Saturday,19.06.2021,16:00,15
Saturday,19.06.2021,16:15,15
Saturday,19.06.2021,16:30,15
Saturday,19.06.2021,16:45,18
Saturday,19.06.2021,17:00,15
Saturday,19.06.2021,17:15,15
Saturday,19.06.2021,17:30,15
Saturday,19.06.2021,17:45,13
Saturday,19.06.2021,18:00,16
Saturday,19.06.2021,18:15,6
Saturday,19.06.2021,18:30,6
Saturday,19.06.2021,18:45,6
Saturday,19.06.2021,19:00,6
Saturday,19.06.2021,19:15,4
Saturday,19.06.2021,19:30,5
Saturday,19.06.2021,19:45,5
Saturday,19.06.2021,20:00,5
Saturday,19.06.2021,20:15,1
Saturday,19.06.2021,20:30,1
Saturday,19.06.2021,20:45,3
Saturday,19.06.2021,21:00,3
Saturday,19.06.2021,21:15,3
Saturday,19.06.2021,21:30,3
Saturday,19.06.2021,21:45,3
Saturday,19.06.2021,22:00,3
Sunday,20.06.2021,09:00,0
Sunday,20.06.2021,09:15,14
Sunday,20.06.2021,09:30,19
Sunday,20.06.2021,09:45,23
Sunday,20.06.2021,10:00,24
Sunday,20.06.2021,10:15,24
Sunday,20.06.2021,10:30,23
Sunday,20.06.2021,10:45,26
Sunday,20.06.2021,11:00,31
Sunday,20.06.2021,11:15,33
Sunday,20.06.2021,11:30,38
Sunday,20.06.2021,11:45,33
Sunday,20.06.2021,12:00,25
Sunday,20.06.2021,12:15,35
Sunday,20.06.2021,12:30,33
Sunday,20.06.2021,12:45,35
Sunday,20.06.2021,13:00,43
Sunday,20.06.2021,13:15,33
Sunday,20.06.2021,13:30,33
Sunday,20.06.2021,13:45,34
Sunday,20.06.2021,14:00,35
Sunday,20.06.2021,14:15,36
Sunday,20.06.2021,14:30,39
Sunday,20.06.2021,14:45,34
Sunday,20.06.2021,15:00,33
Sunday,20.06.2021,15:15,25
Sunday,20.06.2021,15:30,14
Sunday,20.06.2021,15:45,19
Sunday,20.06.2021,16:00,19
Sunday,20.06.2021,16:15,19
Sunday,20.06.2021,16:30,21
Sunday,20.06.2021,16:45,21
Sunday,20.06.2021,17:00,21
Sunday,20.06.2021,17:15,18
Sunday,20.06.2021,17:30,21
Sunday,20.06.2021,17:45,28
Sunday,20.06.2021,18:00,23
Sunday,20.06.2021,18:15,29
Sunday,20.06.2021,18:30,29
Sunday,20.06.2021,18:45,36
Sunday,20.06.2021,19:00,36
Sunday,20.06.2021,19:15,36
Sunday,20.06.2021,19:30,40
Sunday,20.06.2021,19:45,33
Sunday,20.06.2021,20:00,34
Sunday,20.06.2021,20:15,34
Sunday,20.06.2021,20:30,30
Sunday,20.06.2021,20:45,31
Sunday,20.06.2021,21:00,15
Sunday,20.06.2021,21:15,9
Sunday,20.06.2021,21:30,9
Sunday,20.06.2021,21:45,9
Sunday,20.06.2021,22:00,9
Monday,21.06.2021,10:00,0
Monday,21.06.2021,10:15,0
Monday,21.06.2021,10:30,8
Monday,21.06.2021,10:45,10
Monday,21.06.2021,11:00,14
Monday,21.06.2021,11:15,16
Monday,21.06.2021,11:30,18
Monday,21.06.2021,11:45,18
Monday,21.06.2021,12:00,15
Monday,21.06.2021,12:15,14
Monday,21.06.2021,12:30,14
Monday,21.06.2021,12:45,15
Monday,21.06.2021,13:00,13
Monday,21.06.2021,13:15,11
Monday,21.06.2021,13:30,10
Monday,21.06.2021,13:45,13
Monday,21.06.2021,14:00,9
Monday,21.06.2021,14:15,8
Monday,21.06.2021,14:30,6
Monday,21.06.2021,14:45,6
Monday,21.06.2021,15:00,6
Monday,21.06.2021,15:15,11
Monday,21.06.2021,15:30,10
Monday,21.06.2021,15:45,10
Monday,21.06.2021,16:00,13
Monday,21.06.2021,16:15,15
Monday,21.06.2021,16:30,18
Monday,21.06.2021,16:45,20
Monday,21.06.2021,17:00,23
Monday,21.06.2021,17:15,28
Monday,21.06.2021,17:30,30
Monday,21.06.2021,17:45,40
Monday,21.06.2021,18:00,45
Monday,21.06.2021,18:15,50
Monday,21.06.2021,18:30,69
Monday,21.06.2021,18:45,86
Monday,21.06.2021,19:00,84
Monday,21.06.2021,19:15,96
Monday,21.06.2021,19:30,100
Monday,21.06.2021,19:45,98
Monday,21.06.2021,20:00,100
Monday,21.06.2021,20:15,100
Monday,21.06.2021,20:30,91
Monday,21.06.2021,20:45,83
Monday,21.06.2021,21:00,73
Monday,21.06.2021,21:15,70
Monday,21.06.2021,21:30,60
Monday,21.06.2021,21:45,55
Monday,21.06.2021,22:00,51
Monday,21.06.2021,22:15,41
Monday,21.06.2021,22:30,36
Monday,21.06.2021,22:45,36
Monday,21.06.2021,23:00,34
Tuesday,22.06.2021,10:00,3
Tuesday,22.06.2021,10:15,9
Tuesday,22.06.2021,10:30,9
Tuesday,22.06.2021,10:45,14
Tuesday,22.06.2021,11:00,16
Tuesday,22.06.2021,11:15,16
Tuesday,22.06.2021,11:30,19
Tuesday,22.06.2021,11:45,21
Tuesday,22.06.2021,12:00,21
Tuesday,22.06.2021,12:15,21
Tuesday,22.06.2021,12:30,21
Tuesday,22.06.2021,12:45,19
Tuesday,22.06.2021,13:00,19
Tuesday,22.06.2021,13:15,15
Tuesday,22.06.2021,13:30,11
Tuesday,22.06.2021,13:45,10
Tuesday,22.06.2021,14:00,11
Tuesday,22.06.2021,14:15,11
Tuesday,22.06.2021,14:30,14
Tuesday,22.06.2021,14:45,10
Tuesday,22.06.2021,15:00,10
Tuesday,22.06.2021,15:15,10
Tuesday,22.06.2021,15:30,10
Tuesday,22.06.2021,15:45,9
Tuesday,22.06.2021,16:00,9
Tuesday,22.06.2021,16:15,11
Tuesday,22.06.2021,16:30,15
Tuesday,22.06.2021,16:45,26
Tuesday,22.06.2021,17:00,29
Tuesday,22.06.2021,17:15,29
Tuesday,22.06.2021,17:30,40
Tuesday,22.06.2021,17:45,49
Tuesday,22.06.2021,18:00,56
Tuesday,22.06.2021,18:15,66
Tuesday,22.06.2021,18:30,71
Tuesday,22.06.2021,18:45,70
Tuesday,22.06.2021,19:00,75
Tuesday,22.06.2021,19:15,86
Tuesday,22.06.2021,19:30,81
Tuesday,22.06.2021,19:45,83
Tuesday,22.06.2021,20:00,86
Tuesday,22.06.2021,20:15,100
Tuesday,22.06.2021,20:30,96
Tuesday,22.06.2021,20:45,98
Tuesday,22.06.2021,21:00,95
Tuesday,22.06.2021,21:15,90
Tuesday,22.06.2021,21:30,81
Tuesday,22.06.2021,21:45,76
Tuesday,22.06.2021,22:00,61
Tuesday,22.06.2021,22:15,58
Tuesday,22.06.2021,22:30,50
Tuesday,22.06.2021,22:45,45
Tuesday,22.06.2021,23:00,45
Wednesday,23.06.2021,10:00,0
Wednesday,23.06.2021,10:15,1
Wednesday,23.06.2021,10:30,8
Wednesday,23.06.2021,10:45,10
Wednesday,23.06.2021,11:00,14
Wednesday,23.06.2021,11:15,14
Wednesday,23.06.2021,11:30,14
Wednesday,23.06.2021,11:45,16
Wednesday,23.06.2021,12:00,16
Wednesday,23.06.2021,12:15,15
Wednesday,23.06.2021,12:30,15
Wednesday,23.06.2021,12:45,14
Wednesday,23.06.2021,13:00,16
Wednesday,23.06.2021,13:15,14
Wednesday,23.06.2021,13:30,11
Wednesday,23.06.2021,13:45,13
Wednesday,23.06.2021,14:00,10
Wednesday,23.06.2021,14:15,10
Wednesday,23.06.2021,14:30,8
Wednesday,23.06.2021,14:45,8
Wednesday,23.06.2021,15:00,5
Wednesday,23.06.2021,15:15,4
Wednesday,23.06.2021,15:30,6
Wednesday,23.06.2021,15:45,8
Wednesday,23.06.2021,16:00,10
Wednesday,23.06.2021,16:15,14
Wednesday,23.06.2021,16:30,19
Wednesday,23.06.2021,16:45,20
Wednesday,23.06.2021,17:00,23
Wednesday,23.06.2021,17:15,24
Wednesday,23.06.2021,17:30,36
Wednesday,23.06.2021,17:45,41
Wednesday,23.06.2021,18:00,46
Wednesday,23.06.2021,18:15,56
Wednesday,23.06.2021,18:30,45
Wednesday,23.06.2021,18:45,48
Wednesday,23.06.2021,19:00,44
Wednesday,23.06.2021,19:15,45
Wednesday,23.06.2021,19:30,48
Wednesday,23.06.2021,19:45,49
Wednesday,23.06.2021,20:00,45
Wednesday,23.06.2021,20:15,40
Wednesday,23.06.2021,20:30,39
Wednesday,23.06.2021,20:45,36
Wednesday,23.06.2021,21:00,34
Wednesday,23.06.2021,21:15,25
Wednesday,23.06.2021,21:30,23
Wednesday,23.06.2021,21:45,23
Wednesday,23.06.2021,22:00,23
Wednesday,23.06.2021,22:15,13
Wednesday,23.06.2021,22:30,10
Wednesday,23.06.2021,22:45,10
Wednesday,23.06.2021,23:00,10
Thursday,24.06.2021,10:00,1
Thursday,24.06.2021,10:15,1
Thursday,24.06.2021,10:30,1
Thursday,24.06.2021,10:45,1
Thursday,24.06.2021,11:00,1
Thursday,24.06.2021,11:15,1
Thursday,24.06.2021,11:30,1
Thursday,24.06.2021,11:45,1
Thursday,24.06.2021,12:00,1
Thursday,24.06.2021,12:15,1
Thursday,24.06.2021,12:30,3
Thursday,24.06.2021,12:45,5
Thursday,24.06.2021,13:00,5
Thursday,24.06.2021,13:15,5
Thursday,24.06.2021,13:30,4
Thursday,24.06.2021,13:45,4
Thursday,24.06.2021,14:00,3
Thursday,24.06.2021,14:15,3
Thursday,24.06.2021,14:30,5
Thursday,24.06.2021,14:45,6
Thursday,24.06.2021,15:00,8
Thursday,24.06.2021,15:15,8
Thursday,24.06.2021,15:30,9
Thursday,24.06.2021,15:45,13
Thursday,24.06.2021,16:00,13
Thursday,24.06.2021,16:15,15
Thursday,24.06.2021,16:30,19
Thursday,24.06.2021,16:45,19
Thursday,24.06.2021,17:00,21
Thursday,24.06.2021,17:15,28
Thursday,24.06.2021,17:30,31
Thursday,24.06.2021,17:45,38
Thursday,24.06.2021,18:00,39
Thursday,24.06.2021,18:15,43
Thursday,24.06.2021,18:30,40
Thursday,24.06.2021,18:45,33
Thursday,24.06.2021,19:00,40
Thursday,24.06.2021,19:15,46
Thursday,24.06.2021,19:30,53
Thursday,24.06.2021,19:45,61
Thursday,24.06.2021,20:00,59
Thursday,24.06.2021,20:15,69
Thursday,24.06.2021,20:30,70
Thursday,24.06.2021,20:45,64
Thursday,24.06.2021,21:00,63
Thursday,24.06.2021,21:15,58
Thursday,24.06.2021,21:30,49
Thursday,24.06.2021,21:45,40
Thursday,24.06.2021,22:00,41
Thursday,24.06.2021,22:15,38
Thursday,24.06.2021,22:30,33
Thursday,24.06.2021,22:45,33
Thursday,24.06.2021,23:00,33
Friday,25.06.2021,10:00,1
Friday,25.06.2021,10:15,14
Friday,25.06.2021,10:30,18
Friday,25.06.2021,10:45,20
Friday,25.06.2021,11:00,20
Friday,25.06.2021,11:15,21
Friday,25.06.2021,11:30,24
Friday,25.06.2021,11:45,28
Friday,25.06.2021,12:00,23
Friday,25.06.2021,12:15,20
Friday,25.06.2021,12:30,20
Friday,25.06.2021,12:45,20
Friday,25.06.2021,13:00,20
Friday,25.06.2021,13:15,20
Friday,25.06.2021,13:30,20
Friday,25.06.2021,13:45,20
Friday,25.06.2021,14:00,20
Friday,25.06.2021,14:15,20
Friday,25.06.2021,14:30,20
Friday,25.06.2021,14:45,20
Friday,25.06.2021,15:00,20
Friday,25.06.2021,15:15,20
Friday,25.06.2021,15:30,20
Friday,25.06.2021,15:45,20
Friday,25.06.2021,16:00,20
Friday,25.06.2021,16:15,20
Friday,25.06.2021,16:30,20
Friday,25.06.2021,16:45,20
Friday,25.06.2021,17:00,20
Friday,25.06.2021,17:15,20
Friday,25.06.2021,17:30,20
Friday,25.06.2021,17:45,20
Friday,25.06.2021,18:00,20
Friday,25.06.2021,18:15,20
Friday,25.06.2021,18:30,68
Friday,25.06.2021,18:45,66
Friday,25.06.2021,19:00,64
Friday,25.06.2021,19:15,59
Friday,25.06.2021,19:30,69
Friday,25.06.2021,19:45,70
Friday,25.06.2021,20:00,74
Friday,25.06.2021,20:15,79
Friday,25.06.2021,20:30,78
Friday,25.06.2021,20:45,65
Friday,25.06.2021,21:00,68
Friday,25.06.2021,21:15,63
Friday,25.06.2021,21:30,50
Friday,25.06.2021,21:45,40
Friday,25.06.2021,22:00,39
Friday,25.06.2021,22:15,34
Friday,25.06.2021,22:30,30
Friday,25.06.2021,22:45,25
Friday,25.06.2021,23:00,23
Saturday,26.06.2021,09:00,0
Saturday,26.06.2021,09:15,0
Saturday,26.06.2021,09:30,9
Saturday,26.06.2021,09:45,9
Saturday,26.06.2021,10:00,9
Saturday,26.06.2021,10:15,9
Saturday,26.06.2021,10:30,11
Saturday,26.06.2021,10:45,11
Saturday,26.06.2021,11:00,11
Saturday,26.06.2021,11:15,13
Saturday,26.06.2021,11:30,13
Saturday,26.06.2021,11:45,10
Saturday,26.06.2021,12:00,9
Saturday,26.06.2021,12:15,10
Saturday,26.06.2021,12:30,13
Saturday,26.06.2021,12:45,13
Saturday,26.06.2021,13:00,18
Saturday,26.06.2021,13:15,19
Saturday,26.06.2021,13:30,19
Saturday,26.06.2021,13:45,16
Saturday,26.06.2021,14:00,19
Saturday,26.06.2021,14:15,19
Saturday,26.06.2021,14:30,21
Saturday,26.06.2021,14:45,16
Saturday,26.06.2021,15:00,18
Saturday,26.06.2021,15:15,16
Saturday,26.06.2021,15:30,15
Saturday,26.06.2021,15:45,13
Saturday,26.06.2021,16:00,10
Saturday,26.06.2021,16:15,5
Saturday,26.06.2021,16:30,4
Saturday,26.06.2021,16:45,6
Saturday,26.06.2021,17:00,8
Saturday,26.06.2021,17:15,9
Saturday,26.06.2021,17:30,9
Saturday,26.06.2021,17:45,9
Saturday,26.06.2021,18:00,10
Saturday,26.06.2021,18:15,13
Saturday,26.06.2021,18:30,14
Saturday,26.06.2021,18:45,14
Saturday,26.06.2021,19:00,14
Saturday,26.06.2021,19:15,15
Saturday,26.06.2021,19:30,18
Saturday,26.06.2021,19:45,14
Saturday,26.06.2021,20:00,14
Saturday,26.06.2021,20:15,14
Saturday,26.06.2021,20:30,13
Saturday,26.06.2021,20:45,11
Saturday,26.06.2021,21:00,11
Saturday,26.06.2021,21:15,11
Saturday,26.06.2021,21:30,4
Saturday,26.06.2021,21:45,3
Saturday,26.06.2021,22:00,3
Sunday,27.06.2021,09:00,0
Sunday,27.06.2021,09:15,5
Sunday,27.06.2021,09:30,5
Sunday,27.06.2021,09:45,11
Sunday,27.06.2021,10:00,14
Sunday,27.06.2021,10:15,25
Sunday,27.06.2021,10:30,26
Sunday,27.06.2021,10:45,30
Sunday,27.06.2021,11:00,30
Sunday,27.06.2021,11:15,33
Sunday,27.06.2021,11:30,34
Sunday,27.06.2021,11:45,34
Sunday,27.06.2021,12:00,28
Sunday,27.06.2021,12:15,15
Sunday,27.06.2021,12:30,16
Sunday,27.06.2021,12:45,15
Sunday,27.06.2021,13:00,11
Sunday,27.06.2021,13:15,10
Sunday,27.06.2021,13:30,10
Sunday,27.06.2021,13:45,14
Sunday,27.06.2021,14:00,16
Sunday,27.06.2021,14:15,15
Sunday,27.06.2021,14:30,13
Sunday,27.06.2021,14:45,14
Sunday,27.06.2021,15:00,15
Sunday,27.06.2021,15:15,13
Sunday,27.06.2021,15:30,15
Sunday,27.06.2021,15:45,16
Sunday,27.06.2021,16:00,16
Sunday,27.06.2021,16:15,13
Sunday,27.06.2021,16:30,13
Sunday,27.06.2021,16:45,16
Sunday,27.06.2021,17:00,15
Sunday,27.06.2021,17:15,15
Sunday,27.06.2021,17:30,14
Sunday,27.06.2021,17:45,15
Sunday,27.06.2021,18:00,14
Sunday,27.06.2021,18:15,14
Sunday,27.06.2021,18:30,14
Sunday,27.06.2021,18:45,14
Sunday,27.06.2021,19:00,19
Sunday,27.06.2021,19:15,18
Sunday,27.06.2021,19:30,18
Sunday,27.06.2021,19:45,20
Sunday,27.06.2021,20:00,20
Sunday,27.06.2021,20:15,23
Sunday,27.06.2021,20:30,23
Sunday,27.06.2021,20:45,23
Sunday,27.06.2021,21:00,14
Sunday,27.06.2021,21:15,11
Sunday,27.06.2021,21:30,9
Sunday,27.06.2021,21:45,9
Sunday,27.06.2021,22:00,9
Monday,28.06.2021,10:00,4
Monday,28.06.2021,10:15,13
Monday,28.06.2021,10:30,19
Monday,28.06.2021,10:45,20
Monday,28.06.2021,11:00,20
Monday,28.06.2021,11:15,20
Monday,28.06.2021,11:30,18
Monday,28.06.2021,11:45,19
Monday,28.06.2021,12:00,18
Monday,28.06.2021,12:15,14
Monday,28.06.2021,12:30,9
Monday,28.06.2021,12:45,7
Monday,28.06.2021,13:00,4
Monday,28.06.2021,13:15,6
Monday,28.06.2021,13:30,6
Monday,28.06.2021,13:45,6
Monday,28.06.2021,14:00,6
Monday,28.06.2021,14:15,6
Monday,28.06.2021,14:30,6
Monday,28.06.2021,14:45,6
Monday,28.06.2021,15:00,7
Monday,28.06.2021,15:15,6
Monday,28.06.2021,15:30,13
Monday,28.06.2021,15:45,19
Monday,28.06.2021,16:00,24
Monday,28.06.2021,16:15,27
Monday,28.06.2021,16:30,28
Monday,28.06.2021,16:45,27
Monday,28.06.2021,17:00,31
Monday,28.06.2021,17:15,28
Monday,28.06.2021,17:30,23
Monday,28.06.2021,17:45,30
Monday,28.06.2021,18:00,41
Monday,28.06.2021,18:15,53
Monday,28.06.2021,18:30,54
Monday,28.06.2021,18:45,62
Monday,28.06.2021,19:00,63
Monday,28.06.2021,19:15,62
Monday,28.06.2021,19:30,73
Monday,28.06.2021,19:45,78
Monday,28.06.2021,20:00,83
Monday,28.06.2021,20:15,77
Monday,28.06.2021,20:30,72
Monday,28.06.2021,20:45,68
Monday,28.06.2021,21:00,69
Monday,28.06.2021,21:15,61
Monday,28.06.2021,21:30,52
Monday,28.06.2021,21:45,47
Monday,28.06.2021,22:00,46
Monday,28.06.2021,22:15,46
Monday,28.06.2021,22:30,41
Monday,28.06.2021,22:45,41
Monday,28.06.2021,23:00,41
Tuesday,29.06.2021,10:00,0
Tuesday,29.06.2021,10:15,3
Tuesday,29.06.2021,10:30,3
Tuesday,29.06.2021,10:45,4
Tuesday,29.06.2021,11:00,4
Tuesday,29.06.2021,11:15,6
Tuesday,29.06.2021,11:30,6
Tuesday,29.06.2021,11:45,9
Tuesday,29.06.2021,12:00,9
Tuesday,29.06.2021,12:15,9
Tuesday,29.06.2021,12:30,12
Tuesday,29.06.2021,12:45,10
Tuesday,29.06.2021,13:00,10
Tuesday,29.06.2021,13:15,9
Tuesday,29.06.2021,13:30,7
Tuesday,29.06.2021,13:45,12
Tuesday,29.06.2021,14:00,13
Tuesday,29.06.2021,14:15,11
Tuesday,29.06.2021,14:30,11
Tuesday,29.06.2021,14:45,13
Tuesday,29.06.2021,15:00,14
Tuesday,29.06.2021,15:15,17
Tuesday,29.06.2021,15:30,23
Tuesday,29.06.2021,15:45,28
Tuesday,29.06.2021,16:00,33
Tuesday,29.06.2021,16:15,29
Tuesday,29.06.2021,16:30,29
Tuesday,29.06.2021,16:45,37
Tuesday,29.06.2021,17:00,36
Tuesday,29.06.2021,17:15,29
Tuesday,29.06.2021,17:30,29
Tuesday,29.06.2021,17:45,27
Tuesday,29.06.2021,18:00,33
Tuesday,29.06.2021,18:15,26
Tuesday,29.06.2021,18:30,26
Tuesday,29.06.2021,18:45,27
Tuesday,29.06.2021,19:00,33
Tuesday,29.06.2021,19:15,39
Tuesday,29.06.2021,19:30,42
Tuesday,29.06.2021,19:45,44
Tuesday,29.06.2021,20:00,49
Tuesday,29.06.2021,20:15,54
Tuesday,29.06.2021,20:30,70
Tuesday,29.06.2021,20:45,69
Tuesday,29.06.2021,21:00,68
Tuesday,29.06.2021,21:15,63
Tuesday,29.06.2021,21:30,62
Tuesday,29.06.2021,21:45,59
Tuesday,29.06.2021,22:00,56
Tuesday,29.06.2021,22:15,53
Tuesday,29.06.2021,22:30,50
Tuesday,29.06.2021,22:45,46
Tuesday,29.06.2021,23:00,42
Wednesday,30.06.2021,10:00,0
Wednesday,30.06.2021,10:15,4
Wednesday,30.06.2021,10:30,9
Wednesday,30.06.2021,10:45,9
Wednesday,30.06.2021,11:00,9
Wednesday,30.06.2021,11:15,9
Wednesday,30.06.2021,11:30,9
Wednesday,30.06.2021,11:45,11
Wednesday,30.06.2021,12:00,12
Wednesday,30.06.2021,12:15,11
Wednesday,30.06.2021,12:30,11
Wednesday,30.06.2021,12:45,14
Wednesday,30.06.2021,13:00,14
Wednesday,30.06.2021,13:15,11
Wednesday,30.06.2021,13:30,11
Wednesday,30.06.2021,13:45,13
Wednesday,30.06.2021,14:00,14
Wednesday,30.06.2021,14:15,12
Wednesday,30.06.2021,14:30,13
Wednesday,30.06.2021,14:45,11
Wednesday,30.06.2021,15:00,7
Wednesday,30.06.2021,15:15,8
Wednesday,30.06.2021,15:30,17
Wednesday,30.06.2021,15:45,22
Wednesday,30.06.2021,16:00,22
Wednesday,30.06.2021,16:15,22
Wednesday,30.06.2021,16:30,26
Wednesday,30.06.2021,16:45,32
Wednesday,30.06.2021,17:00,40
Wednesday,30.06.2021,17:15,30
Wednesday,30.06.2021,17:30,32
Wednesday,30.06.2021,17:45,33
Wednesday,30.06.2021,18:00,44
Wednesday,30.06.2021,18:15,52
Wednesday,30.06.2021,18:30,56
Wednesday,30.06.2021,18:45,60
Wednesday,30.06.2021,19:00,66
Wednesday,30.06.2021,19:15,67
Wednesday,30.06.2021,19:30,70
Wednesday,30.06.2021,19:45,69
Wednesday,30.06.2021,20:00,72
Wednesday,30.06.2021,20:15,76
Wednesday,30.06.2021,20:30,77
Wednesday,30.06.2021,20:45,68
Wednesday,30.06.2021,21:00,67
Wednesday,30.06.2021,21:15,64
Wednesday,30.06.2021,21:30,62
Wednesday,30.06.2021,21:45,57
Wednesday,30.06.2021,22:00,40
Wednesday,30.06.2021,22:15,39
Wednesday,30.06.2021,22:30,39
Wednesday,30.06.2021,22:45,39
Wednesday,30.06.2021,23:00,38
Thursday,01.07.2021,10:00,0
Thursday,01.07.2021,10:15,6
Thursday,01.07.2021,10:30,8
Thursday,01.07.2021,10:45,9
Thursday,01.07.2021,11:00,9
Thursday,01.07.2021,11:15,12
Thursday,01.07.2021,11:30,16
Thursday,01.07.2021,11:45,14
Thursday,01.07.2021,12:00,18
Thursday,01.07.2021,12:15,16
Thursday,01.07.2021,12:30,13
Thursday,01.07.2021,12:45,12
Thursday,01.07.2021,13:00,12
Thursday,01.07.2021,13:15,12
Thursday,01.07.2021,13:30,11
Thursday,01.07.2021,13:45,8
Thursday,01.07.2021,14:00,8
Thursday,01.07.2021,14:15,2
Thursday,01.07.2021,14:30,1
Thursday,01.07.2021,14:45,4
Thursday,01.07.2021,15:00,6
Thursday,01.07.2021,15:15,11
Thursday,01.07.2021,15:30,18
Thursday,01.07.2021,15:45,19
Thursday,01.07.2021,16:00,23
Thursday,01.07.2021,16:15,24
Thursday,01.07.2021,16:30,23
Thursday,01.07.2021,16:45,28
Thursday,01.07.2021,17:00,28
Thursday,01.07.2021,17:15,32
Thursday,01.07.2021,17:30,43
Thursday,01.07.2021,17:45,47
Thursday,01.07.2021,18:00,41
Thursday,01.07.2021,18:15,43
Thursday,01.07.2021,18:30,53
Thursday,01.07.2021,18:45,58
Thursday,01.07.2021,19:00,58
Thursday,01.07.2021,19:15,62
Thursday,01.07.2021,19:30,70
Thursday,01.07.2021,19:45,83
Thursday,01.07.2021,20:00,93
Thursday,01.07.2021,20:15,89
Thursday,01.07.2021,20:30,90
Thursday,01.07.2021,20:45,88
Thursday,01.07.2021,21:00,79
Thursday,01.07.2021,21:15,78
Thursday,01.07.2021,21:30,69
Thursday,01.07.2021,21:45,62
Thursday,01.07.2021,22:00,60
Thursday,01.07.2021,22:15,60
Thursday,01.07.2021,22:30,54
Thursday,01.07.2021,22:45,53
Thursday,01.07.2021,23:00,53
Friday,02.07.2021,10:00,0
Friday,02.07.2021,10:15,1
Friday,02.07.2021,10:30,6
Friday,02.07.2021,10:45,6
Friday,02.07.2021,11:00,6
Friday,02.07.2021,11:15,7
Friday,02.07.2021,11:30,8
Friday,02.07.2021,11:45,8
Friday,02.07.2021,12:00,7
Friday,02.07.2021,12:15,8
Friday,02.07.2021,12:30,8
Friday,02.07.2021,12:45,9
Friday,02.07.2021,13:00,12
Friday,02.07.2021,13:15,12
Friday,02.07.2021,13:30,12
Friday,02.07.2021,13:45,10
Friday,02.07.2021,14:00,9
Friday,02.07.2021,14:15,9
Friday,02.07.2021,14:30,11
Friday,02.07.2021,14:45,12
Friday,02.07.2021,15:00,13
Friday,02.07.2021,15:15,18
Friday,02.07.2021,15:30,21
Friday,02.07.2021,15:45,24
Friday,02.07.2021,16:00,31
Friday,02.07.2021,16:15,31
Friday,02.07.2021,16:30,32
Friday,02.07.2021,16:45,31
Friday,02.07.2021,17:00,33
Friday,02.07.2021,17:15,27
Friday,02.07.2021,17:30,24
Friday,02.07.2021,17:45,19
Friday,02.07.2021,18:00,19
Friday,02.07.2021,18:15,22
Friday,02.07.2021,18:30,24
Friday,02.07.2021,18:45,27
Friday,02.07.2021,19:00,33
Friday,02.07.2021,19:15,34
Friday,02.07.2021,19:30,32
Friday,02.07.2021,19:45,37
Friday,02.07.2021,20:00,38
Friday,02.07.2021,20:15,39
Friday,02.07.2021,20:30,38
Friday,02.07.2021,20:45,32
Friday,02.07.2021,21:00,30
Friday,02.07.2021,21:15,20
Friday,02.07.2021,21:30,20
Friday,02.07.2021,21:45,12
Friday,02.07.2021,22:00,12
Friday,02.07.2021,22:15,12
Friday,02.07.2021,22:30,12
Friday,02.07.2021,22:45,12
Friday,02.07.2021,23:00,11
Saturday,03.07.2021,09:00,1
Saturday,03.07.2021,09:15,0
Saturday,03.07.2021,09:30,3
Saturday,03.07.2021,09:45,6
Saturday,03.07.2021,10:00,10
Saturday,03.07.2021,10:15,12
Saturday,03.07.2021,10:30,14
Saturday,03.07.2021,10:45,12
Saturday,03.07.2021,11:00,16
Saturday,03.07.2021,11:15,14
Saturday,03.07.2021,11:30,18
Saturday,03.07.2021,11:45,21
Saturday,03.07.2021,12:00,23
Saturday,03.07.2021,12:15,22
Saturday,03.07.2021,12:30,22
Saturday,03.07.2021,12:45,22
Saturday,03.07.2021,13:00,23
Saturday,03.07.2021,13:15,24
Saturday,03.07.2021,13:30,21
Saturday,03.07.2021,13:45,23
Saturday,03.07.2021,14:00,14
Saturday,03.07.2021,14:15,10
Saturday,03.07.2021,14:30,10
Saturday,03.07.2021,14:45,13
Saturday,03.07.2021,15:00,16
Saturday,03.07.2021,15:15,17
Saturday,03.07.2021,15:30,18
Saturday,03.07.2021,15:45,13
Saturday,03.07.2021,16:00,16
Saturday,03.07.2021,16:15,19
Saturday,03.07.2021,16:30,18
Saturday,03.07.2021,16:45,18
Saturday,03.07.2021,17:00,16
Saturday,03.07.2021,17:15,17
Saturday,03.07.2021,17:30,22
Saturday,03.07.2021,17:45,23
Saturday,03.07.2021,18:00,29
Saturday,03.07.2021,18:15,31
Saturday,03.07.2021,18:30,31
Saturday,03.07.2021,18:45,29
Saturday,03.07.2021,19:00,28
Saturday,03.07.2021,19:15,37
Saturday,03.07.2021,19:30,38
Saturday,03.07.2021,19:45,32
Saturday,03.07.2021,20:00,30
Saturday,03.07.2021,20:15,33
Saturday,03.07.2021,20:30,33
Saturday,03.07.2021,20:45,36
Saturday,03.07.2021,21:00,36
Saturday,03.07.2021,21:15,27
Saturday,03.07.2021,21:30,27
Saturday,03.07.2021,21:45,26
Saturday,03.07.2021,22:00,23
Sunday,04.07.2021,09:00,0
Sunday,04.07.2021,09:15,17
Sunday,04.07.2021,09:30,22
Sunday,04.07.2021,09:45,23
Sunday,04.07.2021,10:00,26
Sunday,04.07.2021,10:15,40
Sunday,04.07.2021,10:30,47
Sunday,04.07.2021,10:45,54
Sunday,04.07.2021,11:00,58
Sunday,04.07.2021,11:15,61
Sunday,04.07.2021,11:30,62
Sunday,04.07.2021,11:45,63
Sunday,04.07.2021,12:00,58
Sunday,04.07.2021,12:15,48
Sunday,04.07.2021,12:30,44
Sunday,04.07.2021,12:45,43
Sunday,04.07.2021,13:00,41
Sunday,04.07.2021,13:15,60
Sunday,04.07.2021,13:30,71
Sunday,04.07.2021,13:45,74
Sunday,04.07.2021,14:00,67
Sunday,04.07.2021,14:15,64
Sunday,04.07.2021,14:30,57
Sunday,04.07.2021,14:45,59
Sunday,04.07.2021,15:00,53
Sunday,04.07.2021,15:15,43
Sunday,04.07.2021,15:30,39
Sunday,04.07.2021,15:45,40
Sunday,04.07.2021,16:00,53
Sunday,04.07.2021,16:15,62
Sunday,04.07.2021,16:30,61
Sunday,04.07.2021,16:45,58
Sunday,04.07.2021,17:00,58
Sunday,04.07.2021,17:15,58
Sunday,04.07.2021,17:30,59
Sunday,04.07.2021,17:45,59
Sunday,04.07.2021,18:00,59
Sunday,04.07.2021,18:15,54
Sunday,04.07.2021,18:30,46
Sunday,04.07.2021,18:45,43
Sunday,04.07.2021,19:00,34
Sunday,04.07.2021,19:15,31
Sunday,04.07.2021,19:30,33
Sunday,04.07.2021,19:45,31
Sunday,04.07.2021,20:00,33
Sunday,04.07.2021,20:15,36
Sunday,04.07.2021,20:30,32
Sunday,04.07.2021,20:45,33
Sunday,04.07.2021,21:00,33
Sunday,04.07.2021,21:15,32
Sunday,04.07.2021,21:30,28
Sunday,04.07.2021,21:45,26
Sunday,04.07.2021,22:00,0
Monday,05.07.2021,10:00,2
Monday,05.07.2021,10:15,13
Monday,05.07.2021,10:30,13
Monday,05.07.2021,10:45,13
Monday,05.07.2021,11:00,13
Monday,05.07.2021,11:15,16
Monday,05.07.2021,11:30,19
Monday,05.07.2021,11:45,19
Monday,05.07.2021,12:00,19
Monday,05.07.2021,12:15,14
Monday,05.07.2021,12:30,12
Monday,05.07.2021,12:45,2
Monday,05.07.2021,13:00,2
Monday,05.07.2021,13:15,3
Monday,05.07.2021,13:30,6
Monday,05.07.2021,13:45,4
Monday,05.07.2021,14:00,4
Monday,05.07.2021,14:15,9
Monday,05.07.2021,14:30,13
Monday,05.07.2021,14:45,13
Monday,05.07.2021,15:00,14
Monday,05.07.2021,15:15,14
Monday,05.07.2021,15:30,26
Monday,05.07.2021,15:45,34
Monday,05.07.2021,16:00,39
Monday,05.07.2021,16:15,44
Monday,05.07.2021,16:30,46
Monday,05.07.2021,16:45,47
Monday,05.07.2021,17:00,51
Monday,05.07.2021,17:15,47
Monday,05.07.2021,17:30,49
Monday,05.07.2021,17:45,50
Monday,05.07.2021,18:00,50
Monday,05.07.2021,18:15,58
Monday,05.07.2021,18:30,61
Monday,05.07.2021,18:45,66
Monday,05.07.2021,19:00,74
Monday,05.07.2021,19:15,87
Monday,05.07.2021,19:30,93
Monday,05.07.2021,19:45,99
Monday,05.07.2021,20:00,100
Monday,05.07.2021,20:15,98
Monday,05.07.2021,20:30,100
Monday,05.07.2021,20:45,97
Monday,05.07.2021,21:00,100
Monday,05.07.2021,21:15,92
Monday,05.07.2021,21:30,79
Monday,05.07.2021,21:45,73
Monday,05.07.2021,22:00,68
Monday,05.07.2021,22:15,67
Monday,05.07.2021,22:30,63
Monday,05.07.2021,22:45,63
Monday,05.07.2021,23:00,63
Tuesday,06.07.2021,10:00,0
Tuesday,06.07.2021,10:15,0
Tuesday,06.07.2021,10:30,3
Tuesday,06.07.2021,10:45,3
Tuesday,06.07.2021,11:00,8
Tuesday,06.07.2021,11:15,8
Tuesday,06.07.2021,11:30,10
Tuesday,06.07.2021,11:45,10
Tuesday,06.07.2021,12:00,9
Tuesday,06.07.2021,12:15,7
Tuesday,06.07.2021,12:30,7
Tuesday,06.07.2021,12:45,7
Tuesday,06.07.2021,13:00,2
Tuesday,06.07.2021,13:15,4
Tuesday,06.07.2021,13:30,2
Tuesday,06.07.2021,13:45,2
Tuesday,06.07.2021,14:00,7
Tuesday,06.07.2021,14:15,8
Tuesday,06.07.2021,14:30,10
Tuesday,06.07.2021,14:45,12
Tuesday,06.07.2021,15:00,11
Tuesday,06.07.2021,15:15,10
Tuesday,06.07.2021,15:30,17
Tuesday,06.07.2021,15:45,21
Tuesday,06.07.2021,16:00,22
Tuesday,06.07.2021,16:15,28
Tuesday,06.07.2021,16:30,28
Tuesday,06.07.2021,16:45,26
Tuesday,06.07.2021,17:00,29
Tuesday,06.07.2021,17:15,21
Tuesday,06.07.2021,17:30,28
Tuesday,06.07.2021,17:45,33
Tuesday,06.07.2021,18:00,43
Tuesday,06.07.2021,18:15,48
Tuesday,06.07.2021,18:30,58
Tuesday,06.07.2021,18:45,64
Tuesday,06.07.2021,19:00,59
Tuesday,06.07.2021,19:15,63
Tuesday,06.07.2021,19:30,59
Tuesday,06.07.2021,19:45,56
Tuesday,06.07.2021,20:00,53
Tuesday,06.07.2021,20:15,54
Tuesday,06.07.2021,20:30,50
Tuesday,06.07.2021,20:45,42
Tuesday,06.07.2021,21:00,41
Tuesday,06.07.2021,21:15,41
Tuesday,06.07.2021,21:30,38
Tuesday,06.07.2021,21:45,36
Tuesday,06.07.2021,22:00,29
Tuesday,06.07.2021,22:15,29
Tuesday,06.07.2021,22:30,27
Tuesday,06.07.2021,22:45,27
Tuesday,06.07.2021,23:00,27
Wednesday,07.07.2021,10:00,0
Wednesday,07.07.2021,10:15,3
Wednesday,07.07.2021,10:30,4
Wednesday,07.07.2021,10:45,4
Wednesday,07.07.2021,11:00,7
Wednesday,07.07.2021,11:15,7
Wednesday,07.07.2021,11:30,9
Wednesday,07.07.2021,11:45,9
Wednesday,07.07.2021,12:00,14
Wednesday,07.07.2021,12:15,21
Wednesday,07.07.2021,12:30,23
Wednesday,07.07.2021,12:45,22
Wednesday,07.07.2021,13:00,22
Wednesday,07.07.2021,13:15,23
Wednesday,07.07.2021,13:30,22
Wednesday,07.07.2021,13:45,19
Wednesday,07.07.2021,14:00,19
Wednesday,07.07.2021,14:15,17
Wednesday,07.07.2021,14:30,14
Wednesday,07.07.2021,14:45,16
Wednesday,07.07.2021,15:00,12
Wednesday,07.07.2021,15:15,13
Wednesday,07.07.2021,15:30,19
Wednesday,07.07.2021,15:45,36
Wednesday,07.07.2021,16:00,36
Wednesday,07.07.2021,16:15,34
Wednesday,07.07.2021,16:30,44
Wednesday,07.07.2021,16:45,52
Wednesday,07.07.2021,17:00,47
Wednesday,07.07.2021,17:15,49
Wednesday,07.07.2021,17:30,44
Wednesday,07.07.2021,17:45,46
Wednesday,07.07.2021,18:00,50
Wednesday,07.07.2021,18:15,60
Wednesday,07.07.2021,18:30,60
Wednesday,07.07.2021,18:45,66
Wednesday,07.07.2021,19:00,81
Wednesday,07.07.2021,19:15,81
Wednesday,07.07.2021,19:30,89
Wednesday,07.07.2021,19:45,96
Wednesday,07.07.2021,20:00,96
Wednesday,07.07.2021,20:15,92
Wednesday,07.07.2021,20:30,86
Wednesday,07.07.2021,20:45,76
Wednesday,07.07.2021,21:00,64
Wednesday,07.07.2021,21:15,61
Wednesday,07.07.2021,21:30,56
Wednesday,07.07.2021,21:45,51
Wednesday,07.07.2021,22:00,40
Wednesday,07.07.2021,22:15,36
Wednesday,07.07.2021,22:30,30
Wednesday,07.07.2021,22:45,29
Wednesday,07.07.2021,23:00,29
Thursday,08.07.2021,10:00,0
Thursday,08.07.2021,10:15,0
Thursday,08.07.2021,10:30,6
Thursday,08.07.2021,10:45,6
Thursday,08.07.2021,11:00,9
Thursday,08.07.2021,11:15,17
Thursday,08.07.2021,11:30,19
Thursday,08.07.2021,11:45,20
Thursday,08.07.2021,12:00,17
Thursday,08.07.2021,12:15,14
Thursday,08.07.2021,12:30,18
Thursday,08.07.2021,12:45,17
Thursday,08.07.2021,13:00,16
Thursday,08.07.2021,13:15,13
Thursday,08.07.2021,13:30,12
Thursday,08.07.2021,13:45,8
Thursday,08.07.2021,14:00,7
Thursday,08.07.2021,14:15,10
Thursday,08.07.2021,14:30,8
Thursday,08.07.2021,15:15,14
Thursday,08.07.2021,15:30,23
Thursday,08.07.2021,15:45,21
Thursday,08.07.2021,16:00,24
Thursday,08.07.2021,16:15,27
Thursday,08.07.2021,16:30,28
Thursday,08.07.2021,16:45,38
Thursday,08.07.2021,17:00,53
Thursday,08.07.2021,17:15,59
Thursday,08.07.2021,17:30,68
Thursday,08.07.2021,17:45,69
Thursday,08.07.2021,18:00,67
Thursday,08.07.2021,18:15,68
Thursday,08.07.2021,18:30,72
Thursday,08.07.2021,18:45,79
Thursday,08.07.2021,19:00,67
Thursday,08.07.2021,19:15,69
Thursday,08.07.2021,19:30,68
Thursday,08.07.2021,19:45,73
Thursday,08.07.2021,20:00,74
Thursday,08.07.2021,20:15,77
Thursday,08.07.2021,20:30,81
Thursday,08.07.2021,20:45,78
Thursday,08.07.2021,21:00,73
Thursday,08.07.2021,21:15,70
Thursday,08.07.2021,21:30,69
Thursday,08.07.2021,21:45,64
Thursday,08.07.2021,22:00,54
Thursday,08.07.2021,22:15,54
Thursday,08.07.2021,22:30,53
Thursday,08.07.2021,22:45,52
Thursday,08.07.2021,23:00,53
Friday,09.07.2021,10:00,0
Friday,09.07.2021,10:15,4
Friday,09.07.2021,10:30,14
Friday,09.07.2021,10:45,16
Friday,09.07.2021,11:00,17
Friday,09.07.2021,11:15,33
Friday,09.07.2021,11:30,20
Friday,09.07.2021,11:45,19
Friday,09.07.2021,12:00,19
Friday,09.07.2021,12:15,11
Friday,09.07.2021,12:30,6
Friday,09.07.2021,12:45,10
Friday,09.07.2021,13:00,9
Friday,09.07.2021,13:15,8
Friday,09.07.2021,13:30,11
Friday,09.07.2021,13:45,16
Friday,09.07.2021,14:00,18
Friday,09.07.2021,14:15,19
Friday,09.07.2021,14:30,21
Friday,09.07.2021,14:45,23
Friday,09.07.2021,15:00,32
Friday,09.07.2021,15:15,31
Friday,09.07.2021,15:30,30
Friday,09.07.2021,15:45,33
Friday,09.07.2021,16:00,31
Friday,09.07.2021,16:15,30
Friday,09.07.2021,16:30,28
Friday,09.07.2021,16:45,34
Friday,09.07.2021,17:00,41
Friday,09.07.2021,17:15,41
Friday,09.07.2021,17:30,42
Friday,09.07.2021,17:45,50
Friday,09.07.2021,18:00,50
Friday,09.07.2021,18:15,54
Friday,09.07.2021,18:30,60
Friday,09.07.2021,18:45,60
Friday,09.07.2021,19:00,59
Friday,09.07.2021,19:15,60
Friday,09.07.2021,19:30,56
Friday,09.07.2021,19:45,60
Friday,09.07.2021,20:00,57
Friday,09.07.2021,20:15,47
Friday,09.07.2021,20:30,49
Friday,09.07.2021,20:45,46
Friday,09.07.2021,21:00,39
Friday,09.07.2021,21:15,33
Friday,09.07.2021,21:30,32
Friday,09.07.2021,21:45,27
Friday,09.07.2021,22:00,24
Friday,09.07.2021,22:15,22
Friday,09.07.2021,22:30,22
Friday,09.07.2021,22:45,18
Friday,09.07.2021,23:00,0
Saturday,10.07.2021,09:00,1
Saturday,10.07.2021,09:15,2
Saturday,10.07.2021,09:30,3
Saturday,10.07.2021,09:45,3
Saturday,10.07.2021,10:00,4
Saturday,10.07.2021,10:15,7
Saturday,10.07.2021,10:30,9
Saturday,10.07.2021,10:45,12
Saturday,10.07.2021,11:00,14
Saturday,10.07.2021,11:15,19
Saturday,10.07.2021,11:30,19
Saturday,10.07.2021,11:45,21
Saturday,10.07.2021,12:00,22
Saturday,10.07.2021,12:15,22
Saturday,10.07.2021,12:30,27
Saturday,10.07.2021,12:45,27
Saturday,10.07.2021,13:00,27
Saturday,10.07.2021,13:15,30
Saturday,10.07.2021,13:30,29
Saturday,10.07.2021,13:45,28
Saturday,10.07.2021,14:00,31
Saturday,10.07.2021,14:15,34
Saturday,10.07.2021,14:30,36
Saturday,10.07.2021,14:45,36
Saturday,10.07.2021,15:00,36
Saturday,10.07.2021,15:15,32
Saturday,10.07.2021,15:30,33
Saturday,10.07.2021,15:45,31
Saturday,10.07.2021,16:00,28
Saturday,10.07.2021,16:15,14
Saturday,10.07.2021,16:30,12
Saturday,10.07.2021,16:45,13
Saturday,10.07.2021,17:00,16
Saturday,10.07.2021,17:15,19
Saturday,10.07.2021,17:30,12
Saturday,10.07.2021,17:45,18
Saturday,10.07.2021,18:00,18
Saturday,10.07.2021,18:15,18
Saturday,10.07.2021,18:30,16
Saturday,10.07.2021,18:45,17
Saturday,10.07.2021,19:00,19
Saturday,10.07.2021,19:15,23
Saturday,10.07.2021,19:30,28
Saturday,10.07.2021,19:45,24
Saturday,10.07.2021,20:00,29
Saturday,10.07.2021,20:15,28
Saturday,10.07.2021,20:30,24
Saturday,10.07.2021,20:45,18
Saturday,10.07.2021,21:00,19
Saturday,10.07.2021,21:15,18
Saturday,10.07.2021,21:30,18
Saturday,10.07.2021,21:45,17
Saturday,10.07.2021,22:00,14
Sunday,11.07.2021,09:00,1
Sunday,11.07.2021,09:15,8
Sunday,11.07.2021,09:30,11
Sunday,11.07.2021,09:45,12
Sunday,11.07.2021,10:00,19
Sunday,11.07.2021,10:15,23
Sunday,11.07.2021,10:30,37
Sunday,11.07.2021,10:45,33
Sunday,11.07.2021,11:00,33
Sunday,11.07.2021,11:15,39
Sunday,11.07.2021,11:30,36
Sunday,11.07.2021,11:45,39
Sunday,11.07.2021,12:00,41
Sunday,11.07.2021,12:15,41
Sunday,11.07.2021,12:30,58
Sunday,11.07.2021,12:45,54
Sunday,11.07.2021,13:00,37
Sunday,11.07.2021,13:15,42
Sunday,11.07.2021,13:30,42
Sunday,11.07.2021,13:45,47
Sunday,11.07.2021,14:00,43
Sunday,11.07.2021,14:15,56
Sunday,11.07.2021,14:30,57
Sunday,11.07.2021,14:45,61
Sunday,11.07.2021,15:00,54
Sunday,11.07.2021,15:15,42
Sunday,11.07.2021,15:30,38
Sunday,11.07.2021,15:45,38
Sunday,11.07.2021,16:00,41
Sunday,11.07.2021,16:15,37
Sunday,11.07.2021,16:30,32
Sunday,11.07.2021,16:45,30
Sunday,11.07.2021,17:00,30
Sunday,11.07.2021,17:15,26
Sunday,11.07.2021,17:30,21
Sunday,11.07.2021,17:45,13
Sunday,11.07.2021,18:00,7
Sunday,11.07.2021,18:15,13
Sunday,11.07.2021,18:30,20
Sunday,11.07.2021,18:45,27
Sunday,11.07.2021,19:00,27
Sunday,11.07.2021,19:15,30
Sunday,11.07.2021,19:30,30
Sunday,11.07.2021,19:45,31
Sunday,11.07.2021,20:00,31
Sunday,11.07.2021,20:15,28
Sunday,11.07.2021,20:30,22
Sunday,11.07.2021,20:45,21
Sunday,11.07.2021,21:00,18
Sunday,11.07.2021,21:15,16
Sunday,11.07.2021,21:30,16
Sunday,11.07.2021,21:45,14
Sunday,11.07.2021,22:00,14
Monday,12.07.2021,10:00,0
Monday,12.07.2021,10:15,8
Monday,12.07.2021,10:30,13
Monday,12.07.2021,10:45,16
Monday,12.07.2021,11:00,18
Monday,12.07.2021,11:15,22
Monday,12.07.2021,11:30,23
Monday,12.07.2021,11:45,23
Monday,12.07.2021,12:00,23
Monday,12.07.2021,12:15,17
Monday,12.07.2021,12:30,13
Monday,12.07.2021,16:15,53
Monday,12.07.2021,16:30,57
Monday,12.07.2021,16:45,57
Monday,12.07.2021,17:00,60
Monday,12.07.2021,17:15,43
Monday,12.07.2021,17:30,46
Monday,12.07.2021,17:45,43
Monday,12.07.2021,18:00,48
Monday,12.07.2021,18:15,48
Monday,12.07.2021,18:30,58
Monday,12.07.2021,18:45,52
Monday,12.07.2021,19:00,53
Monday,12.07.2021,19:15,53
Monday,12.07.2021,19:30,60
Monday,12.07.2021,19:45,72
Monday,12.07.2021,20:00,70
Monday,12.07.2021,20:15,88
Monday,12.07.2021,20:30,94
Monday,12.07.2021,20:45,91
Monday,12.07.2021,21:00,79
Monday,12.07.2021,21:15,77
Monday,12.07.2021,21:30,69
Monday,12.07.2021,21:45,58
Monday,12.07.2021,22:00,54
Monday,12.07.2021,22:15,50
Monday,12.07.2021,22:30,47
Monday,12.07.2021,22:45,39
Monday,12.07.2021,23:00,39
Tuesday,13.07.2021,10:00,0
Tuesday,13.07.2021,10:15,4
Tuesday,13.07.2021,10:30,9
Tuesday,13.07.2021,10:45,10
Tuesday,13.07.2021,11:00,12
Tuesday,13.07.2021,11:15,13
Tuesday,13.07.2021,11:30,16
Tuesday,13.07.2021,11:45,21
Tuesday,13.07.2021,12:00,24
Tuesday,13.07.2021,12:15,27
Tuesday,13.07.2021,12:30,24
Tuesday,13.07.2021,12:45,26
Tuesday,13.07.2021,13:00,28
Tuesday,13.07.2021,13:15,31
Tuesday,13.07.2021,13:30,28
Tuesday,13.07.2021,13:45,32
Tuesday,13.07.2021,14:00,30
Tuesday,13.07.2021,14:15,31
Tuesday,13.07.2021,14:30,30
Tuesday,13.07.2021,14:45,31
Tuesday,13.07.2021,15:00,38
Tuesday,13.07.2021,15:15,37
Tuesday,13.07.2021,15:30,39
Tuesday,13.07.2021,15:45,42
Tuesday,13.07.2021,16:00,41
Tuesday,13.07.2021,16:15,37
Tuesday,13.07.2021,16:30,33
Tuesday,13.07.2021,16:45,31
Tuesday,13.07.2021,17:00,33
Tuesday,13.07.2021,17:15,41
Tuesday,13.07.2021,17:30,42
Tuesday,13.07.2021,17:45,50
Tuesday,13.07.2021,18:30,80
Tuesday,13.07.2021,19:00,87
Tuesday,13.07.2021,19:15,92
Tuesday,13.07.2021,19:30,100
Tuesday,13.07.2021,19:45,99
Tuesday,13.07.2021,20:00,99
Tuesday,13.07.2021,20:15,98
Tuesday,13.07.2021,20:30,98
Tuesday,13.07.2021,20:45,97
Tuesday,13.07.2021,21:00,99
Tuesday,13.07.2021,21:15,92
Tuesday,13.07.2021,21:30,88
Tuesday,13.07.2021,21:45,81
Tuesday,13.07.2021,22:00,78
Tuesday,13.07.2021,22:15,76
Tuesday,13.07.2021,22:30,72
Tuesday,13.07.2021,22:45,68
Tuesday,13.07.2021,23:00,66
Wednesday,14.07.2021,10:00,0
Wednesday,14.07.2021,10:15,2
Wednesday,14.07.2021,10:30,11
Wednesday,14.07.2021,10:45,19
Wednesday,14.07.2021,11:00,21
Wednesday,14.07.2021,11:15,21
Wednesday,14.07.2021,11:30,21
Wednesday,14.07.2021,11:45,12
Wednesday,14.07.2021,21:30,66
Wednesday,14.07.2021,21:45,60
Wednesday,14.07.2021,22:00,46
Wednesday,14.07.2021,22:15,42
Wednesday,14.07.2021,22:30,34
Wednesday,14.07.2021,22:45,32
Wednesday,14.07.2021,23:00,31
Thursday,15.07.2021,10:00,0
Thursday,15.07.2021,10:15,1
Thursday,15.07.2021,10:30,3
Thursday,15.07.2021,10:45,3
Thursday,15.07.2021,11:00,9
Thursday,15.07.2021,11:15,11
Thursday,15.07.2021,11:30,13
Thursday,15.07.2021,11:45,13
Thursday,15.07.2021,12:00,16
Thursday,15.07.2021,12:15,16
Thursday,15.07.2021,12:30,12
Thursday,15.07.2021,12:45,14
Thursday,15.07.2021,13:00,16
Thursday,15.07.2021,13:15,16
Thursday,15.07.2021,13:30,10
Thursday,15.07.2021,13:45,12
Thursday,15.07.2021,14:00,16
Thursday,15.07.2021,14:15,13
Thursday,15.07.2021,14:30,16
Thursday,15.07.2021,14:45,12
Thursday,15.07.2021,15:00,14
Thursday,15.07.2021,15:15,21
Thursday,15.07.2021,15:30,29
Thursday,15.07.2021,15:45,30
Thursday,15.07.2021,16:00,37
Thursday,15.07.2021,16:15,41
Thursday,15.07.2021,16:30,51
Thursday,15.07.2021,16:45,50
Thursday,15.07.2021,17:00,58
Thursday,15.07.2021,17:15,56
Thursday,15.07.2021,17:30,68
Thursday,15.07.2021,17:45,68
Thursday,15.07.2021,18:00,67
Thursday,15.07.2021,18:15,70
Thursday,15.07.2021,18:30,76
Thursday,15.07.2021,18:45,82
Thursday,15.07.2021,19:00,99
Thursday,15.07.2021,19:15,100
Thursday,15.07.2021,19:30,99
Thursday,15.07.2021,19:45,99
Thursday,15.07.2021,20:00,100
Thursday,15.07.2021,20:15,96
Thursday,15.07.2021,20:30,89
Thursday,15.07.2021,20:45,84
Thursday,15.07.2021,21:00,82
Thursday,15.07.2021,21:15,77
Thursday,15.07.2021,21:30,73
Thursday,15.07.2021,21:45,73
Thursday,15.07.2021,22:00,71
Thursday,15.07.2021,22:15,69
Thursday,15.07.2021,22:30,70
Thursday,15.07.2021,22:45,69
Thursday,15.07.2021,23:00,68
Friday,16.07.2021,10:00,2
Friday,16.07.2021,10:15,18
Friday,16.07.2021,10:30,36
Friday,16.07.2021,10:45,38
Friday,16.07.2021,11:00,41
Friday,16.07.2021,11:15,43
Friday,16.07.2021,11:30,47
Friday,16.07.2021,11:45,52
Friday,16.07.2021,12:00,28
Friday,16.07.2021,12:15,30
Friday,16.07.2021,12:30,32
Friday,16.07.2021,12:45,31
Friday,16.07.2021,13:00,26
Friday,16.07.2021,13:15,28
Friday,16.07.2021,13:30,27
Friday,16.07.2021,13:45,27
Friday,16.07.2021,14:00,27
Friday,16.07.2021,14:15,28
Friday,16.07.2021,14:30,33
Friday,16.07.2021,14:45,29
Friday,16.07.2021,15:00,30
Friday,16.07.2021,15:15,37
Friday,16.07.2021,15:30,38
Friday,16.07.2021,15:45,46
Friday,16.07.2021,16:00,42
Friday,16.07.2021,16:15,41
Friday,16.07.2021,16:30,47
Friday,16.07.2021,16:45,46
Friday,16.07.2021,17:00,46
Friday,16.07.2021,17:15,49
Friday,16.07.2021,17:30,42
Friday,16.07.2021,17:45,37
Friday,16.07.2021,18:00,32
Friday,16.07.2021,18:15,32
Friday,16.07.2021,18:30,31
Friday,16.07.2021,18:45,26
Friday,16.07.2021,19:00,29
Friday,16.07.2021,19:15,28
Friday,16.07.2021,19:30,24
Friday,16.07.2021,19:45,28
Friday,16.07.2021,20:00,31
Friday,16.07.2021,20:15,39
Friday,16.07.2021,20:30,44
Friday,16.07.2021,20:45,46
Friday,16.07.2021,21:00,50
Friday,16.07.2021,21:15,42
Friday,16.07.2021,21:30,40
Friday,16.07.2021,21:45,39
Friday,16.07.2021,22:00,37
Friday,16.07.2021,22:15,37
Friday,16.07.2021,22:30,36
Friday,16.07.2021,22:45,31
Friday,16.07.2021,23:00,29
Saturday,17.07.2021,09:00,0
Saturday,17.07.2021,09:15,1
Saturday,17.07.2021,09:30,4
Saturday,17.07.2021,09:45,10
Saturday,17.07.2021,10:00,19
Saturday,17.07.2021,10:15,26
Saturday,17.07.2021,10:30,32
Saturday,17.07.2021,10:45,38
Saturday,17.07.2021,11:00,49
Saturday,17.07.2021,11:15,48
Saturday,17.07.2021,11:30,53
Saturday,17.07.2021,11:45,51
Saturday,17.07.2021,12:00,44
Saturday,17.07.2021,12:15,44
Saturday,17.07.2021,12:30,46
Saturday,17.07.2021,12:45,38
Saturday,17.07.2021,13:00,40
Saturday,17.07.2021,13:15,44
Saturday,17.07.2021,13:30,34
Saturday,17.07.2021,13:45,33
Saturday,17.07.2021,14:00,29
Saturday,17.07.2021,14:15,31
Saturday,17.07.2021,14:30,31
Saturday,17.07.2021,14:45,33
Saturday,17.07.2021,15:00,32
Saturday,17.07.2021,15:15,36
Saturday,17.07.2021,15:30,31
Saturday,17.07.2021,15:45,36
Saturday,17.07.2021,16:00,42
Saturday,17.07.2021,16:15,49
Saturday,17.07.2021,16:30,47
Saturday,17.07.2021,16:45,49
Saturday,17.07.2021,17:00,47
Saturday,17.07.2021,17:15,51
Saturday,17.07.2021,17:30,40
Saturday,17.07.2021,17:45,43
Saturday,17.07.2021,18:00,43
Saturday,17.07.2021,18:15,48
Saturday,17.07.2021,18:30,37
Saturday,17.07.2021,18:45,33
Saturday,17.07.2021,19:00,27
Saturday,17.07.2021,19:15,28
Saturday,17.07.2021,19:30,23
Saturday,17.07.2021,19:45,24
Saturday,17.07.2021,20:00,24
Saturday,17.07.2021,20:15,21
Saturday,17.07.2021,20:30,22
Saturday,17.07.2021,20:45,21
Saturday,17.07.2021,21:00,21
Saturday,17.07.2021,21:15,19
Saturday,17.07.2021,21:30,18
Saturday,17.07.2021,21:45,17
Saturday,17.07.2021,22:00,17
Sunday,18.07.2021,09:00,0
Sunday,18.07.2021,09:15,6
Sunday,18.07.2021,09:30,10
Sunday,18.07.2021,09:45,11
Sunday,18.07.2021,10:00,21
Sunday,18.07.2021,10:15,23
Sunday,18.07.2021,10:30,31
Sunday,18.07.2021,10:45,33
Sunday,18.07.2021,11:00,34
Sunday,18.07.2021,11:15,37
Sunday,18.07.2021,11:30,41
Sunday,18.07.2021,11:45,48
Sunday,18.07.2021,12:00,43
Sunday,18.07.2021,12:15,43
Sunday,18.07.2021,12:30,44
Sunday,18.07.2021,12:45,39
Sunday,18.07.2021,13:00,38
Sunday,18.07.2021,13:15,28
Sunday,18.07.2021,13:30,28
Sunday,18.07.2021,13:45,26
Sunday,18.07.2021,14:00,17
Sunday,18.07.2021,14:15,20
Sunday,18.07.2021,14:30,20
Sunday,18.07.2021,14:45,16
Sunday,18.07.2021,15:00,22
Sunday,18.07.2021,15:15,24
Sunday,18.07.2021,15:30,28
Sunday,18.07.2021,15:45,27
Sunday,18.07.2021,16:00,27
Sunday,18.07.2021,16:15,29
Sunday,18.07.2021,16:30,31
Sunday,18.07.2021,16:45,38
Sunday,18.07.2021,17:00,39
Sunday,18.07.2021,17:15,42
Sunday,18.07.2021,17:30,43
Sunday,18.07.2021,17:45,44
Sunday,18.07.2021,18:00,44
Sunday,18.07.2021,18:15,40
Sunday,18.07.2021,18:30,32
Sunday,18.07.2021,18:45,34
Sunday,18.07.2021,19:00,36
Sunday,18.07.2021,19:15,27
Sunday,18.07.2021,19:30,32
Sunday,18.07.2021,19:45,29
Sunday,18.07.2021,20:00,23
Sunday,18.07.2021,20:15,22
Sunday,18.07.2021,20:30,23
Sunday,18.07.2021,20:45,21
Sunday,18.07.2021,21:00,16
Sunday,18.07.2021,21:15,16
Sunday,18.07.2021,21:30,9
Sunday,18.07.2021,21:45,9
Sunday,18.07.2021,22:00,9
Monday,19.07.2021,10:00,0
Monday,19.07.2021,10:15,6
Monday,19.07.2021,10:30,9
Monday,19.07.2021,10:45,12
Monday,19.07.2021,11:00,18
Monday,19.07.2021,11:15,20
Monday,19.07.2021,11:30,22
Monday,19.07.2021,11:45,19
Monday,19.07.2021,12:00,14
Monday,19.07.2021,12:15,14
Monday,19.07.2021,12:30,13
Monday,19.07.2021,12:45,13
Monday,19.07.2021,13:00,7
Monday,19.07.2021,13:15,3
Monday,19.07.2021,13:30,2
Monday,19.07.2021,13:45,1
Monday,19.07.2021,14:00,1
Monday,19.07.2021,14:15,7
Monday,19.07.2021,14:30,11
Monday,19.07.2021,14:45,11
Monday,19.07.2021,15:00,11
Monday,19.07.2021,15:15,16
Monday,19.07.2021,15:30,22
Monday,19.07.2021,15:45,30
Monday,19.07.2021,16:00,33
Monday,19.07.2021,16:15,37
Monday,19.07.2021,16:30,47
Monday,19.07.2021,16:45,47
Monday,19.07.2021,17:00,47
Monday,19.07.2021,17:15,38
Monday,19.07.2021,17:30,41
Monday,19.07.2021,17:45,43
Monday,19.07.2021,18:00,46
Monday,19.07.2021,18:15,46
Monday,19.07.2021,18:30,44
Monday,19.07.2021,18:45,44
Monday,19.07.2021,19:00,38
Monday,19.07.2021,19:15,49
Monday,19.07.2021,19:30,58
Monday,19.07.2021,19:45,71
Monday,19.07.2021,20:00,74
Monday,19.07.2021,20:15,79
Monday,19.07.2021,20:30,69
Monday,19.07.2021,20:45,73
Monday,19.07.2021,21:00,70
Monday,19.07.2021,21:15,69
Monday,19.07.2021,21:30,68
Monday,19.07.2021,21:45,61
Monday,19.07.2021,22:00,59
Monday,19.07.2021,22:15,57
Monday,19.07.2021,22:30,52
Monday,19.07.2021,22:45,51
Monday,19.07.2021,23:00,51
Tuesday,20.07.2021,10:00,1
Tuesday,20.07.2021,10:15,1
Tuesday,20.07.2021,10:30,1
Tuesday,20.07.2021,10:45,1
Tuesday,20.07.2021,11:00,3
Tuesday,20.07.2021,11:15,3
Tuesday,20.07.2021,11:30,3
Tuesday,20.07.2021,11:45,2
Tuesday,20.07.2021,12:00,3
Tuesday,20.07.2021,12:15,3
Tuesday,20.07.2021,12:30,3
Tuesday,20.07.2021,12:45,3
Tuesday,20.07.2021,13:00,6
Tuesday,20.07.2021,13:15,9
Tuesday,20.07.2021,13:30,10
Tuesday,20.07.2021,13:45,13
Tuesday,20.07.2021,14:00,13
Tuesday,20.07.2021,14:15,14
Tuesday,20.07.2021,14:30,13
Tuesday,20.07.2021,14:45,13
Tuesday,20.07.2021,15:00,12
Tuesday,20.07.2021,15:15,11
Tuesday,20.07.2021,15:30,12
Tuesday,20.07.2021,15:45,14
Tuesday,20.07.2021,16:00,14
Tuesday,20.07.2021,16:15,16
Tuesday,20.07.2021,16:30,18
Tuesday,20.07.2021,16:45,18
Tuesday,20.07.2021,17:00,18
Tuesday,20.07.2021,17:15,19
Tuesday,20.07.2021,17:30,28
Tuesday,20.07.2021,17:45,33
Tuesday,20.07.2021,18:00,33
Tuesday,20.07.2021,18:15,28
Tuesday,20.07.2021,18:30,33
Tuesday,20.07.2021,18:45,49
Tuesday,20.07.2021,19:00,51
Tuesday,20.07.2021,19:15,59
Tuesday,20.07.2021,19:30,63
Tuesday,20.07.2021,19:45,69
Tuesday,20.07.2021,20:00,72
Tuesday,20.07.2021,20:15,78
Tuesday,20.07.2021,20:30,81
Tuesday,20.07.2021,20:45,76
Tuesday,20.07.2021,21:00,69
Tuesday,20.07.2021,21:15,62
Tuesday,20.07.2021,21:30,56
Tuesday,20.07.2021,21:45,53
Tuesday,20.07.2021,22:00,51
Tuesday,20.07.2021,22:15,49
Tuesday,20.07.2021,22:30,40
Tuesday,20.07.2021,22:45,39
Tuesday,20.07.2021,23:00,39
Wednesday,21.07.2021,10:00,0
Wednesday,21.07.2021,10:15,2
Wednesday,21.07.2021,10:30,6
Wednesday,21.07.2021,10:45,9
Wednesday,21.07.2021,11:00,9
Wednesday,21.07.2021,11:15,9
Wednesday,21.07.2021,11:30,10
Wednesday,21.07.2021,11:45,10
Wednesday,21.07.2021,12:00,10
Wednesday,21.07.2021,12:15,11
Wednesday,21.07.2021,12:30,8
Wednesday,21.07.2021,12:45,7
Wednesday,21.07.2021,13:00,6
Wednesday,21.07.2021,13:15,7
Wednesday,21.07.2021,13:30,7
Wednesday,21.07.2021,13:45,7
Wednesday,21.07.2021,14:00,6
Wednesday,21.07.2021,14:15,3
Wednesday,21.07.2021,14:30,6
Wednesday,21.07.2021,14:45,3
Wednesday,21.07.2021,15:00,4
Wednesday,21.07.2021,15:15,6
Wednesday,21.07.2021,15:30,6
Wednesday,21.07.2021,15:45,12
Wednesday,21.07.2021,16:00,16
Wednesday,21.07.2021,16:15,16
Wednesday,21.07.2021,16:30,18
Wednesday,21.07.2021,16:45,21
Wednesday,21.07.2021,17:00,23
Wednesday,21.07.2021,17:15,20
Wednesday,21.07.2021,17:30,27
Wednesday,21.07.2021,17:45,32
Wednesday,21.07.2021,18:00,32
Wednesday,21.07.2021,18:15,42
Wednesday,21.07.2021,18:30,40
Wednesday,21.07.2021,18:45,51
Wednesday,21.07.2021,19:00,52
Wednesday,21.07.2021,19:15,59
Wednesday,21.07.2021,19:30,66
Wednesday,21.07.2021,19:45,62
Wednesday,21.07.2021,20:00,54
Wednesday,21.07.2021,20:15,57
Wednesday,21.07.2021,20:30,61
Wednesday,21.07.2021,20:45,60
Wednesday,21.07.2021,21:00,58
Wednesday,21.07.2021,21:15,56
Wednesday,21.07.2021,21:30,46
Wednesday,21.07.2021,21:45,40
Wednesday,21.07.2021,22:00,29
Wednesday,21.07.2021,22:15,26
Wednesday,21.07.2021,22:30,21
Wednesday,21.07.2021,22:45,18
Wednesday,21.07.2021,23:00,18
Thursday,22.07.2021,10:00,41
Thursday,22.07.2021,10:15,46
Thursday,22.07.2021,10:30,51
Thursday,22.07.2021,10:45,51
Thursday,22.07.2021,11:00,52
Thursday,22.07.2021,11:15,53
Thursday,22.07.2021,11:30,58
Thursday,22.07.2021,11:45,54
Thursday,22.07.2021,12:00,10
Thursday,22.07.2021,12:15,10
Thursday,22.07.2021,12:30,10
Thursday,22.07.2021,12:45,10
Thursday,22.07.2021,13:00,3
Thursday,22.07.2021,13:15,2
Thursday,22.07.2021,13:30,2
Thursday,22.07.2021,13:45,2
Thursday,22.07.2021,14:00,6
Thursday,22.07.2021,14:15,8
Thursday,22.07.2021,14:30,7
Thursday,22.07.2021,14:45,7
Thursday,22.07.2021,15:00,7
Thursday,22.07.2021,15:15,7
Thursday,22.07.2021,15:30,7
Thursday,22.07.2021,15:45,11
Thursday,22.07.2021,16:00,14
Thursday,22.07.2021,16:15,12
Thursday,22.07.2021,16:30,11
Thursday,22.07.2021,16:45,16
Thursday,22.07.2021,17:00,17
Thursday,22.07.2021,17:15,17
Thursday,22.07.2021,17:30,22
Thursday,22.07.2021,17:45,21
Thursday,22.07.2021,18:00,22
Thursday,22.07.2021,18:15,28
Thursday,22.07.2021,18:30,32
Thursday,22.07.2021,18:45,40
Thursday,22.07.2021,19:00,39
Thursday,22.07.2021,19:15,42
Thursday,22.07.2021,19:30,39
Thursday,22.07.2021,19:45,38
Thursday,22.07.2021,20:00,38
Thursday,22.07.2021,20:15,41
Thursday,22.07.2021,20:30,38
Thursday,22.07.2021,20:45,36
Thursday,22.07.2021,21:00,38
Thursday,22.07.2021,21:15,34
Thursday,22.07.2021,21:30,30
Thursday,22.07.2021,21:45,26
Thursday,22.07.2021,22:00,22
Thursday,22.07.2021,22:15,20
Thursday,22.07.2021,22:30,20
Thursday,22.07.2021,22:45,20
Thursday,22.07.2021,23:00,20
Friday,23.07.2021,10:00,0